genename;Shared gene(s) needed for entry;NCBI Reference Sequence/Accession number;Amino Acid Sequence;Accession Number;Nucleotide Sequence
cma;FhuA;WP_000449473.1;METLTVHAPSPSTNLPSYGNGAFSLSAPHVPGAGPLLVQVVYSFFQSPNMCLQALTQLEDYIKKHGASNPLTLQIISTNIGYFCNADRNLVLHPGISVYDAYHFAKPAPSQYDYRSMNMKQMSGNVTTPIVALAHYLWGNGAERSVNIANIGLKISPMKINQIKDIIKSGVVGTFPVSTKFTHATGDYNVITGAYLGNITLKTEGTLTISANGSWTYNGVVRSYDDKYDFNASTHRGIIGESLTRLGAMFSGKEYQILLPGEIHIKESGKR;NZ_LC485173.1;ATGGAAACCTTAACTGTTCATGCACCATCACCATCAACTAACTTACCAAGTTATGGCAATGGTGCATTTTCTCTTTCAGCACCGCATGTTCCTGGTGCTGGCCCTCTTTTAGTCCAGGTTGTTTATAGTTTTTTCCAGAGTCCAAACATGTGTCTTCAGGCTTTAACTCAACTTGAGGATTACATCAAAAAACATGGGGCCAGCAACCCTCTCACATTGCAGATCATATCGACAAATATTGGTTACTTCTGTAACGCCGACCGAAATCTGGTTCTTCACCCTGGAATAAGCGTTTATGACGCTTACCACTTCGCAAAACCAGCGCCAAGTCAATATGACTATCGCTCAATGAATATGAAACAAATGAGCGGTAATGTCACTACACCAATTGTGGCGCTTGCTCACTATTTATGGGGTAATGGCGCTGAAAGGAGCGTTAATATCGCCAACATTGGTCTTAAAATTTCCCCTATGAAAATTAATCAGATAAAAGACATTATAAAATCTGGTGTAGTAGGTACATTCCCTGTTTCTACAAAGTTCACACATGCCACTGGTGATTATAATGTTATTACCGGTGCATATCTTGGTAATATCACACTGAAAACAGAAGGTACTTTAACTATCTCTGCCAATGGCTCCTGGACTTACAATGGCGTTGTTCGTTCATATGATGATAAATACGATTTTAACGCCAGCACTCACCGTGGCATCATCGGAGAGTCGCTCACAAGGCTCGGGGCGATGTTTTCTGGTAAAGAGTACCAGATACTGCTTCCTGGTGAAATTCACATTAAAGAAAGTGGTAAGCGATAA
csa;OmpW;CAB46008.1;MAKELSVYGPTAGESMGGTGANLNQQGGNNNSNSGVHWGGGSGSGNGGREHGSQTGWGWSKTNNPDVPPYVDDNGQVRITITNGLVKTPVYGVPGAGGNSDVQGGYIPENPNDEVARKWDKNNLPREIDVSIDGFKYRVTLNDNGRAIGILRTGVRPYVGSEKAKAGIMEKINHKTPEEIYEALGFNKDESQRQEKAKQQAEDAWDRLPPNVRKFDVDVEQFHYLVVLDDYGNVLSVTRTGVRPYVGSEKAKAGIMDKVDHKTPEEIYEALGFNNEEPQRQNQAKKAAYDVFYSFSMNRDRIQSDVLNKAAEVISDIGNKVGDYLGDAYKSLAREIADDVKNFQGKTIRSYDDAMASLNKVLSNPGFKFNRADSDALANVWRSIDAQDMANKLGNISKAFKFADVVMKVEKVREKSIEGYETGNWGPLMLEVESWVLSGIASAVALGVFSATLGAYALSLGAPAIAVGIVGILLAAVVGALLDDKFADALNKEIIKPAH;Y18684.1;ATGGCTAAAGAACTAAGTGTATATGGCCCAACTGCTGGTGAGTCTATGGGGGGAACAGGGGCGAATCTGAATCAGCAAGGTGGAAATAATAATAGTAATAGTGGGGTTCACTGGGGGGGTGGTTCAGGCTCTGGTAATGGAGGTCGTGAACATGGAAGTCAGACGGGGTGGGGATGGAGTAAAACCAATAATCCGGATGTGCCGCCTTATGTTGATGATAATGGGCAGGTGCGCATTACCATCACAAATGGTCTGGTAAAAACGCCTGTATATGGAGTTCCTGGAGCTGGCGGAAATAGTGATGTTCAGGGGGGCTATATTCCTGAAAATCCTAATGATGAAGTTGCTCGTAAGTGGGATAAAAACAACTTACCGCGAGAGATTGATGTGAGTATCGATGGTTTTAAATATCGTGTAACGCTTAATGATAATGGTAGAGCTATCGGTATTCTTCGAACAGGTGTCCGTCCTTACGTAGGGAGTGAAAAAGCTAAGGCGGGTATTATGGAAAAAATCAATCATAAAACTCCTGAGGAGATATATGAGGCGTTAGGTTTTAATAAAGATGAATCTCAGCGGCAGGAAAAAGCAAAACAACAGGCTGAAGATGCGTGGGATCGTTTGCCTCCTAATGTGAGAAAATTTGATGTTGATGTTGAACAGTTCCACTATTTAGTGGTGCTTGATGATTATGGTAATGTTTTATCTGTAACTAGAACAGGTGTTCGTCCTTATGTAGGGAGTGAAAAAGCTAAGGCTGGTATTATGGATAAAGTCGACCATAAGACCCCGGAAGAGATATATGAGGCATTAGGATTTAATAATGAAGAGCCTCAACGACAGAATCAAGCTAAAAAAGCTGCTTATGATGTGTTTTATTCTTTCAGTATGAACCGTGACAGGATTCAGAGTGATGTACTTAATAAAGCCGCTGAAGTTATCTCTGATATAGGTAATAAGGTCGGTGATTATCTTGGAGATGCTTATAAGTCGTTAGCAAGAGAAATTGCTGATGATGTCAAAAATTTCCAGGGGAAAACTATCCGTAGCTACGATGATGCAATGGCGTCATTAAATAAAGTGTTGTCTAATCCTGGGTTTAAATTTAACAGGGCCGACAGTGATGCACTGGCGAACGTCTGGCGAAGTATTGATGCTCAGGATATGGCAAATAAACTGGGTAATATCAGCAAGGCTTTCAAATTTGCTGATGTGGTGATGAAGGTTGAGAAGGTCCGGGAGAAAAGCATCGAGGGCTATGAAACCGGGAACTGGGGACCTCTGATGCTGGAGGTGGAGTCCTGGGTGCTCAGTGGCATCGCTTCTGCTGTGGCCCTGGGTGTTTTTTCAGCCACATTAGGGGCATATGCCTTATCTCTTGGGGCTCCTGCTATTGCTGTCGGTATCGTAGGTATTCTACTCGCAGCAGTTGTAGGTGCATTATTGGATGACAAGTTTGCAGATGCACTAAATAAAGAAATCATTAAACCCGCTCATTAA
caa;TolA, TolB, TolQ, TolR;WP_008323639.1;MPGFNYGGKGDGTGWSSERGSGPEPGGGSHGNSGGHDRGDSSNVGNESVTVMKPGDSYNTPWGKVIINAAGQPTMNGTVMTADNSSMVPYGRGFTRVLNSLVNNPVSPAGQNGGKSPVQTAVENYLMVQSGNLPPGYWLSNGKVMTEVREERTSGGGGKNGNERTWTVKVPREVPQLTASYNEGMRIRQEAADRARAEANARALAEEEARAIASGKSKAEFDAGKRVEAAQAAINTAQLNVNNLSGAVSAANQVITQKQAEMTPLKNELAAANQRVQETLKFINDPIRSRIHFNMRSGLIRAQHNVDTKQNEINAAVANRDALNSQLSQANNILQNARNEKSAADAALSAATAQRLQAEAALRAAAEAAEKARQRQAEEAERQRQAMEVAEKAKDERELLEKTSELIAGMGDKIGEHLGDKYKAIAKDIADNIKNFQGKTIRSFDDAMASLNKITANPAMKINKADRDALVNAWKHVDAQDMANKLGNLSKAFKVADVVMKVEKVREKSIEGYETGNWGPLMLEVESWVLSGIASSVALGIFSATLGAYALSLGVPAIAVGIAGILLAAVVGALIDDKFADALNNEIIRPAH;AIGC01000064.1;ATGCCTGGATTTAATTATGGTGGAAAAGGTGATGGAACCGGCTGGAGCTCAGAACGTGGGAGTGGTCCAGAGCCGGGTGGTGGTAGCCATGGAAATAGTGGTGGGCACGATCGTGGAGATTCTTCCAACGTAGGTAATGAGTCTGTGACGGTAATGAAACCAGGGGATTCGTATAACACCCCGTGGGGAAAAGTCATCATCAATGCTGCAGGCCAGCCGACCATGAACGGAACGGTGATGACCGCTGATAATTCATCGATGGTTCCTTACGGCAGAGGGTTTACACGGGTTTTAAATTCCCTGGTCAATAATCCTGTTTCGCCGGCAGGTCAGAATGGCGGGAAGTCTCCTGTTCAGACTGCTGTGGAAAATTATCTGATGGTACAGTCAGGAAACCTGCCACCGGGCTACTGGCTCAGTAATGGCAAGGTTATGACGGAGGTTCGTGAGGAACGTACTTCTGGCGGCGGTGGGAAAAACGGGAACGAGCGAACCTGGACTGTGAAAGTTCCCCGGGAAGTACCTCAGCTTACGGCATCCTATAACGAGGGGATGAGAATCCGACAGGAGGCAGCTGACCGTGCCAGAGCGGAAGCAAATGCCCGCGCTCTGGCTGAAGAGGAAGCCCGTGCCATCGCATCAGGAAAGAGCAAAGCTGAGTTTGATGCAGGTAAGCGGGTGGAGGCCGCACAGGCAGCGATTAATACAGCACAACTCAATGTTAATAACCTCAGCGGCGCTGTCAGTGCTGCAAATCAGGTTATAACTCAGAAACAGGCTGAAATGACGCCCCTGAAAAATGAGCTTGCAGCCGCTAACCAGCGTGTCCAGGAGACGCTTAAATTTATCAATGATCCTATTCGTAGCCGGATTCATTTTAATATGCGAAGTGGCCTGATTCGCGCTCAACATAACGTTGATACTAAACAGAATGAAATTAATGCAGCAGTGGCTAACCGTGATGCTCTGAATAGCCAATTGTCTCAGGCTAATAATATCCTGCAGAATGCCCGGAACGAAAAGAGTGCGGCTGATGCAGCACTTTCAGCTGCCACAGCACAGCGGTTACAGGCAGAAGCCGCACTCAGGGCTGCTGCTGAGGCTGCAGAAAAAGCGCGCCAGCGCCAGGCTGAAGAAGCCGAACGTCAGCGTCAGGCTATGGAAGTTGCGGAAAAAGCCAAAGATGAGCGGGAGCTGCTTGAAAAAACCAGTGAACTGATTGCTGGTATGGGAGATAAAATCGGCGAGCATCTTGGAGATAAATATAAGGCGATAGCGAAAGATATTGCGGACAATATTAAAAATTTTCAGGGGAAGACCATCCGTAGCTTTGATGATGCAATGGCATCGCTGAATAAAATCACAGCCAACCCAGCCATGAAAATTAATAAGGCGGACAGAGATGCTCTGGTTAATGCCTGGAAACATGTTGATGCTCAGGATATGGCGAATAAACTGGGTAATCTCAGCAAGGCTTTTAAAGTCGCCGACGTGGTGATGAAGGTTGAGAAGGTCCGGGAGAAGAGCATTGAGGGGTATGAAACCGGGAACTGGGGGCCGCTGATGCTGGAGGTGGAATCCTGGGTGCTCAGTGGTATAGCTTCCTCTGTTGCTCTGGGGATTTTTTCCGCTACATTAGGAGCATATGCCTTATCTCTTGGAGTTCCTGCTATTGCTGTTGGTATCGCCGGTATTCTACTCGCAGCAGTTGTTGGTGCGTTAATTGATGATAAGTTTGCAGATGCTTTGAATAATGAAATAATCCGACCTGCACATTAA
cea;TolA, TolB, TolQ, TolR;WP_000447006.1;METAVAYYKDGVPYDDKGQVIITLLNGTPDGSGSGGGGGKGGSKSESSAAIHATAKWSTAQLKKTQAEQAARAKAAAEAQAKAKANRDALTQRLKDIVNEALRHNASRTPSATELAHANNAAMQAEAERLRLAKAEEKARKEAEAAEKAFQEAEQRRKEIEREKAETERQLKLAEAEEKRLAALSEEAKAVEIAQKKLSAAQSEVVKMDGEIKTLNSRLSSSIHARDAEMKTLAGKRNELAQASAKYKELDELVKKLSPRANDPLQNRPFFEATRRRVGAGKIREEKQKQVTASETRINRINADITQIQKAISQVSNNRNAGIARVHEAEENLKKAQNNLLNSQIKDAVDATVSFYQTLTEKYGEKYSKMAQELADKSKGKKIGNVNEALAAFEKYKDVLNKKFSKADRDAIFNALASVKYDDWAKHLDQFAKYLKITGHVSFGYDVVSDILKIKDTGDWKPLFLTLEKKAADAGVSYVVALLFSLLAGTTLGIWGIAIVTGILCSYIDKNKLNTINEVLGI;AAA72879.1;ATGGAAACCGCGGTAGCGTACTATAAAGATGGTGTTCCTTATGATGATAAGGGACAGGTAATTATTACTCTTTTGAATGGTACTCCTGACGGGAGTGGCTCTGGCGGCGGAGGTGGAAAAGGAGGCAGTAAAAGTGAAAGTTCTGCAGCTATTCATGCAACTGCTAAATGGTCTACTGCTCAATTAAAGAAAACACAGGCAGAGCAGGCTGCCCGGGCAAAAGCTGCAGCGGAAGCACAGGCGAAAGCAAAGGCAAACAGGGATGCGCTGACTCAGCGCCTGAAGGATATCGTGAATGAGGCTCTTCGTCACAATGCCTCACGTACGCCTTCAGCAACAGAGCTTGCTCATGCTAATAATGCAGCTATGCAGGCGGAAGCAGAGCGTTTGCGCCTTGCGAAAGCAGAAGAAAAAGCCCGTAAAGAAGCGGAAGCAGCAGAAAAGGCTTTTCAGGAAGCAGAACAACGACGTAAAGAGATTGAACGGGAGAAGGCTGAAACAGAACGCCAGTTGAAACTGGCTGAAGCTGAAGAGAAACGACTGGCTGCATTGAGTGAAGAAGCTAAAGCTGTTGAGATCGCCCAAAAAAAACTTTCTGCTGCACAATCTGAAGTGGTGAAAATGGATGGAGAGATTAAGACTCTCAATTCTCGTTTAAGCTCCAGTATCCATGCCCGTGATGCAGAAATGAAAACGCTCGCTGGAAAACGAAATGAACTGGCTCAGGCATCCGCTAAATATAAAGAACTGGATGAGCTGGTCAAAAAACTATCACCAAGAGCCAATGATCCGCTTCAGAACCGTCCTTTTTTTGAAGCAACCAGACGACGGGTTGGGGCCGGTAAGATTAGAGAAGAAAAACAAAAACAGGTAACAGCATCAGAAACACGTATTAACCGGATAAATGCTGATATAACTCAGATCCAGAAGGCTATTTCTCAGGTCAGTAATAATCGTAATGCCGGTATCGCTCGTGTTCATGAAGCTGAAGAAAATTTGAAAAAAGCACAGAATAATCTCCTTAATTCACAGATTAAGGATGCTGTTGATGCAACAGTTAGCTTTTATCAAACGCTGACTGAAAAATATGGTGAAAAATATTCGAAAATGGCACAGGAACTTGCTGATAAGTCTAAAGGTAAGAAAATCGGCAATGTGAATGAAGCTCTCGCTGCTTTTGAAAAATACAAGGATGTTTTAAATAAGAAATTCAGCAAAGCCGATCGTGATGCTATTTTTAATGCGTTGGCATCGGTGAAGTATGATGACTGGGCTAAACATTTAGATCAGTTTGCCAAGTACTTGAAGATTACGGGGCATGTTTCTTTTGGATATGATGTGGTATCTGATATCCTAAAAATTAAGGATACAGGTGACTGGAAGCCACTATTTCTTACATTAGAGAAGAAAGCTGCAGATGCAGGGGTGAGTTATGTTGTTGCTTTACTTTTTAGCTTGCTTGCTGGAACTACATTAGGTATTTGGGGTATTGCTATTGTTACAGGAATTCTATGCTCCTATATTGATAAGAATAAACTTAATACTATAAATGAGGTGTTAGGGATTTAA
E2;TolA, TolB, TolQ, TolR;WP_000012961.1;MSGGDGRGHNTGAHSTSGNINGGPTGLGVGGGASDGSGWSSENNPWGGGSGSGIHWGGGSGHGNGGGNGNSGGGSGTGGNLSAVAAPVAFGFPALSTPGAGGLAVSISAGALSAAIADIMAALKGPFKFGLWGVALYGVLPSQIAKDDPNMMSKIVTSLPADDITESPVSSLPLDKATVNVNVRVVDDVKDERQNISVVSGVPMSVPVVDAKPTERPGVFTASIPGAPVLNISVNNSTPAVQTLSPGVTNNTDKDVRPAGFTQGGNTRDAVIRFPKDSGHNAVYVSVSDVLSPDQVKQRQDEENRRQQEWDATHPVEAAERNYERARAELNQANEDVARNQERQAKAVQVYNSRKSELDAANKTLADAIAEIKQFERFAHDPMAGGHRMWQMAGLKAQRAQTDVNNKQAAFDAAAKEKADADAALSAAQERRKQKENKEKDAKDKLDKESKRNKPGKATGKGKPVGDKWLDDAGKDSGAPIPDRIADKLRDKEFKNFDDFRKKFWEEVSKDPDLSKQFKGSNKTNIQKGKAPFARKKDQVGGRERFELHHDKPISQDGGVYDMNNIRVTTPKRHIDIHRGK;AAQZBS010000081.1;ATGAGCGGTGGCGATGGACGCGGCCATAACACGGGCGCGCATAGCACAAGTGGTAACATTAATGGTGGCCCGACCGGGCTTGGTGTAGGTGGTGGTGCTTCTGATGGCTCCGGATGGAGTTCGGAAAATAACCCGTGGGGTGGTGGTTCCGGTAGCGGCATTCACTGGGGTGGTGGTTCCGGTCATGGTAATGGCGGGGGGAATGGTAATTCCGGTGGTGGTTCGGGAACAGGCGGTAATCTGTCAGCAGTAGCTGCGCCAGTGGCATTTGGTTTTCCGGCACTTTCCACTCCTGGAGCTGGCGGTCTGGCGGTCAGTATTTCAGCGGGAGCATTATCGGCAGCTATTGCTGATATTATGGCTGCCCTGAAAGGACCGTTTAAATTTGGTCTTTGGGGGGTGGCTTTATATGGTGTACTGCCATCACAAATAGCGAAAGATGACCCCAATATGATGTCAAAGATTGTGACGTCATTACCCGCAGATGATATTACTGAATCACCTGTCAGTTCATTACCTCTCGATAAGGCAACAGTAAACGTAAATGTTCGTGTTGTTGATGATGTAAAAGACGAACGACAGAATATTTCGGTTGTTTCAGGTGTTCCGATGAGTGTTCCGGTGGTTGATGCAAAACCTACCGAACGTCCAGGTGTTTTTACGGCATCAATTCCAGGTGCACCTGTTCTGAATATTTCAGTTAATAACAGTACGCCAGCAGTACAGACATTAAGCCCAGGTGTTACAAATAATACTGATAAGGATGTTCGCCCGGCAGGATTTACTCAGGGTGGTAATACCAGGGATGCAGTTATTCGATTCCCGAAGGACAGCGGTCATAATGCCGTATATGTTTCAGTGAGTGATGTTCTTAGTCCTGACCAGGTAAAACAACGTCAGGATGAAGAAAATCGCCGTCAGCAGGAATGGGATGCTACGCATCCGGTTGAAGCGGCTGAGCGAAATTATGAACGCGCGCGTGCAGAGCTGAATCAGGCAAATGAAGATGTTGCCAGAAATCAGGAGCGACAGGCCAAAGCTGTTCAGGTTTATAATTCGCGTAAAAGCGAACTTGATGCAGCGAATAAAACTCTTGCTGATGCAATAGCTGAAATAAAACAATTTGAACGATTTGCACATGACCCAATGGCTGGCGGTCACAGAATGTGGCAAATGGCCGGGCTTAAAGCTCAGCGGGCGCAGACGGATGTAAATAATAAGCAGGCTGCATTTGATGCTGCTGCAAAAGAGAAGGCAGATGCTGATGCTGCATTAAGTGCCGCGCAGGAGCGCCGCAAACAGAAGGAAAATAAAGAAAAGGACGCTAAGGATAAATTAGATAAGGAGAGTAAACGGAATAAGCCAGGGAAGGCGACAGGTAAAGGTAAACCAGTTGGTGATAAATGGCTGGATGATGCAGGTAAAGATTCAGGAGCGCCAATTCCAGATCGCATTGCTGATAAGTTGCGTGATAAAGAATTTAAAAACTTTGACGATTTCCGGAAGAAATTCTGGGAAGAAGTGTCAAAAGATCCCGATCTTAGTAAGCAATTTAAAGGCAGTAATAAGACGAACATTCAAAAGGGAAAAGCACCTTTTGCAAGGAAGAAAGACCAAGTAGGTGGTAGGGAACGCTTTGAATTACATCATGATAAACCAATCAGTCAGGATGGTGGTGTCTATGATATGAATAATATCAGAGTGACCACACCTAAGCGACATATTGATATTCATCGGGGTAAGTAA
E3;TolA, TolB, TolQ, TolR;WP_000012964.1;MSGGDGRGHNTGAHSTSGNINGGPTGLGVGGGASDGSGWSSENNPWGGGSGSGIHWGGGSGHGNGGGNGNSGGGSGTGGNLSAVAAPVAFGFPALSTPGAGGLAVSISAGALSAAIADIMAALKGPFKFGLWGVALYGVLPSQIAKDDPNMMSKIVTSLPADDITESPVSSLPLDKATVNVNVRVVDDVKDERQNISVVSGVPMSVPVVDAKPTERPGVFTASIPGAPVLNISVNNSTPAVQTLSPGVTNNTDKDVRPAGFTQGGNTRDAVIRFPKDSGHNAVYVSVSDVLSPDQVKQRQDEENRRQQEWDATHPVEAAERNYERARAELNQANEDVARNQERQAKAVQVYNSRKSELDAANKTLADAIAEIKQFNRFAHDPMAGGHRMWQMAGLKAQRAQTDVNNKQAAFDAAAKEKSDADAALSSAMESRKKKEDKKRSAENNLNDEKNKPRKGFKDYGHDYHPAPKTENIKGLGDLKPGIPKTPKQNGGGKRKRWTGDKGRKIYEWDSQHGELEGYRASDGQHLGSFDPKTGNQLKGPDPKRNIKKYL;NZ_KM287568.1;ATGAGCGGTGGCGATGGACGCGGCCATAACACGGGCGCGCATAGCACAAGTGGTAACATTAATGGTGGCCCGACCGGGCTTGGTGTAGGTGGTGGTGCTTCTGATGGCTCCGGATGGAGTTCGGAAAATAACCCGTGGGGTGGTGGTTCCGGTAGCGGCATTCACTGGGGTGGTGGTTCCGGTCATGGTAATGGCGGGGGGAATGGTAATTCCGGTGGTGGTTCGGGAACAGGCGGTAATCTGTCAGCAGTAGCTGCGCCAGTGGCATTTGGTTTTCCGGCACTTTCCACTCCAGGAGCTGGCGGTCTGGCGGTCAGTATTTCAGCGGGAGCATTATCGGCAGCTATTGCTGATATTATGGCTGCCCTGAAAGGACCGTTTAAATTTGGTCTTTGGGGGGTGGCTTTATATGGTGTATTGCCATCACAAATAGCGAAAGATGACCCCAATATGATGTCAAAGATTGTGACGTCATTACCCGCAGATGATATTACTGAATCACCTGTCAGTTCATTACCTCTCGATAAGGCAACAGTAAACGTAAATGTTCGTGTTGTTGATGATGTAAAAGACGAGCGACAGAATATTTCGGTTGTTTCAGGTGTTCCGATGAGTGTTCCGGTGGTTGATGCAAAACCTACCGAACGTCCGGGTGTTTTTACGGCATCAATTCCAGGTGCACCTGTTCTGAATATTTCAGTTAATAACAGTACGCCAGCAGTACAGACATTAAGCCCAGGTGTTACAAATAATACTGATAAGGATGTTCGCCCGGCAGGATTTACTCAGGGTGGTAATACCAGGGATGCAGTTATTCGATTCCCGAAGGACAGCGGTCATAATGCCGTATATGTTTCAGTGAGTGATGTTCTTAGCCCTGACCAGGTAAAACAACGTCAAGATGAAGAAAATCGCCGTCAGCAGGAATGGGATGCTACGCATCCGGTTGAAGCGGCTGAGCGAAATTATGAACGCGCGCGTGCAGAGCTGAATCAGGCAAATGAAGATGTTGCCAGAAATCAGGAGCGACAGGCTAAAGCTGTTCAGGTTTATAATTCGCGTAAAAGCGAACTTGATGCAGCGAATAAAACTCTTGCTGATGCAATAGCTGAAATAAAACAATTTAATCGATTTGCCCATGACCCAATGGCTGGCGGTCACAGAATGTGGCAAATGGCCGGGCTTAAAGCCCAGCGGGCGCAGACGGATGTAAATAATAAGCAGGCTGCATTTGATGCTGCTGCAAAAGAGAAGTCAGATGCTGATGCTGCATTGAGTTCTGCTATGGAAAGCAGGAAGAAGAAAGAAGATAAGAAAAGGAGTGCTGAAAATAATTTAAACGATGAAAAGAATAAGCCCAGAAAAGGTTTTAAAGATTACGGGCATGATTATCATCCAGCTCCGAAAACTGAGAATATTAAAGGGCTTGGTGATCTTAAGCCTGGGATACCAAAAACACCAAAGCAGAATGGTGGTGGAAAACGCAAGCGCTGGACTGGAGATAAAGGGCGTAAGATTTATGAGTGGGATTCTCAGCATGGTGAGCTTGAGGGGTATCGTGCCAGTGATGGTCAGCATCTTGGCTCATTTGACCCTAAAACAGGCAATCAGTTGAAAGGTCCAGATCCGAAACGAAATATCAAGAAATATCTTTGA
E5;TolA, TolB, TolQ, TolR;WP_000012962.1;MSGGDGRGHNTGAHSTSGNINGGPTGLGVGGGASDGSGWSSENNPWGGGSGSGIHWGGGSGHGNGGGNGNSGGGSGTGGNLSAVAAPVAFGFPALSTPGAGGLAVSISAGALSAAIADIMAALKGPFKFGLWGVALYGVLPSQIAKDDPNMMSKIVTSLPADDITESPVSSLPLDKATVNVNVRVVDDVKDERQNISVVSGVPMSVPVVDAKPTERPGVFTASIPGAPVLNISVNNSTPAVQTLSPGVTNNTDKDVRPAGFTQGGNTRDAVIRFPKDSGHNAVYVSVSDVLSPDQVKQRQDEENRRQQEWDATHPVEAAERNYERARAELNQANEDVARNQERQAKAVQVYNSRKSELDAANKTLADAIAEIKQFERFAHDPMAGGHRMWQMAGLKAQRAQTDVNNKQAAFDAAAKEKADADAALSTAMESRKKKEDNKRDAEGKLNDELAKNKGKIPGLKIDQKIRGQMPERGWTEDDIKNTVSNGATGTSFDKRSPKKTPPDYLGRNDPATVYGSPGKYVVVNDRTGEVTQISDKTDPGWVDDSRIQWGNKNDQ;AAADOG020000074.1;ATGAGCGGTGGCGATGGACGCGGCCATAACACGGGCGCGCATAGCACAAGTGGTAACATTAATGGTGGCCCGACCGGGCTTGGTGTAGGTGGTGGTGCTTCTGATGGTTCCGGGTGGAGTTCGGAAAATAACCCGTGGGGTGGTGGTTCCGGTAGCGGCATTCACTGGGGTGGTGGTTCCGGTCATGGTAATGGCGGGGGGAATGGTAATTCCGGTGGTGGCTCGGGAACAGGCGGTAATCTGTCAGCAGTAGCTGCGCCAGTGGCATTTGGTTTTCCGGCACTTTCCACTCCAGGAGCTGGCGGTCTGGCGGTCAGTATTTCAGCGGGAGCATTATCGGCAGCTATTGCTGATATTATGGCTGCCCTGAAAGGACCGTTTAAATTTGGTCTTTGGGGGGTGGCTTTATATGGTGTATTGCCATCACAAATAGCGAAAGATGACCCCAATATGATGTCAAAGATTGTGACGTCATTACCCGCAGATGATATTACTGAATCACCTGTCAGTTCATTACCTCTCGATAAGGCAACAGTAAACGTAAATGTTCGTGTTGTTGATGATGTAAAAGACGAACGACAGAATATTTCGGTTGTTTCAGGTGTTCCGATGAGTGTTCCGGTGGTTGATGCAAAACCTACCGAACGTCCAGGTGTTTTTACGGCATCAATTCCAGGTGCACCTGTTCTGAATATTTCAGTTAATAACAGTACGCCAGCAGTACAGACATTAAGCCCAGGTGTTACAAATAATACTGATAAGGATGTTCGCCCGGCAGGATTTACTCAGGGGGGTAATACCAGGGATGCAGTTATTCGATTCCCGAAGGACAGCGGTCATAATGCCGTATATGTTTCAGTGAGTGATGTTCTTAGCCCTGACCAGGTAAAACAACGTCAGGATGAAGAAAATCGCCGTCAGCAGGAATGGGATGCTACGCATCCGGTTGAAGCGGCTGAGCGAAATTATGAACGCGCGCGTGCAGAGCTGAATCAGGCAAATGAAGATGTTGCCAGAAATCAGGAGCGACAGGCTAAAGCTGTTCAGGTTTATAATTCGCGTAAAAGCGAACTTGATGCAGCGAATAAAACTCTTGCTGATGCAATAGCTGAAATAAAACAATTTGAACGATTTGCACATGACCCAATGGCTGGCGGTCACAGAATGTGGCAAATGGCCGGGCTTAAAGCTCAGCGGGCGCAGACGGATGTAAATAATAAGCAGGCTGCATTTGATGCTGCTGCAAAAGAGAAGGCAGATGCTGATGCTGCATTAAGTACTGCGATGGAAAGCAGGAAGAAGAAAGAGGATAATAAAAGAGATGCTGAAGGCAAACTAAATGATGAGTTAGCAAAAAATAAAGGAAAGATACCAGGTCTAAAAATAGATCAGAAAATTAGGGGACAAATGCCAGAAAGAGGATGGACAGAGGATGATATCAAAAATACCGTATCTAACGGTGCAACTGGTACATCTTTTGATAAGCGTAGTCCGAAGAAAACACCTCCAGACTATTTAGGTCGAAATGATCCAGCAACAGTGTATGGTTCTCCTGGTAAATATGTTGTTGTCAATGATCGTACTGGTGAGGTTACTCAGATTAGTGATAAGACAGATCCGGGTTGGGTGGACGATTCGAGAATTCAATGGGGAAATAAAAATGACCAATAAgnncancnNTTNntagtggCTTT
E6;TolA, TolB, TolQ, TolR;WP_052980126.1;MSGGDGRGHNTGAHSTSGNINGGPTGLGVGGGASDGSGWSSENNPWGGGSGSGIHWGGGSGHGNGGGNGNSGGGSGTGGNLSAVAAPVAFGFPALSTPGAGGLAVSISAGALSAAIADIMAALKGPFKFGLWGVALYGVLPSQIAKDDPNMMSKIVTSLPADDITESPVSSLPLDKATVNVNVRVVDDVKDERQNISVVSGVPMSVPVVDAKPTERPGVFTASIPGAPVLNISVNNSTPAVQTLSPGVTNNTDKDVRPAGFTQGGNTRDAVIRFPKDSGHNAVYVSVSDVLSPDQVKQRQDEENRRQQEWDATHPVEAAERNYERARAELNQANEDVARNQERQAKAVQVYNSRKSELDAANKTLADAIAEIKQFNRFAHDPMAGGHRMWQMAGLKAQRAQTDVNNKQAAFDAAAKEKSDADAALSSAMESRKKKEDKKRSAENKLNEEKNKPRKGVKDYGHDYHPDPKTEDIKGLGELKEGKPKTPKQGGGGKRARWYGDKGRKIYEWDSQHGELEGYRASDGQHLGSFEPKTGNQLKGPDPKRNIKKYL;M31808.1;ATGAGCGGTGGCGATGGACGCGGCCATAACACGGGCGCGCATAGCACAAGTGGTAACATTAATGGTGGCCCGACCGGGCTTGGTGTAGGTGGTGGTGCTTCTGATGGCTCCGGATGGAGTTCGGAAAATAACCCGTGGGGTGGTGGTTCCGGTAGCGGCATTCACTGGGGTGGTGGTTCCGGTCATGGTAATGGCGGGGGGAATGGTAATTCCGGTGGTGGCTCGGGAACAGGCGGTAATCTGTCAGCAGTAGCTGCGCCAGTGGCATTTGGTTTTCCGGCACTTTCCACTCCAGGAGCTGGCGGTCTGGCGGTCAGTATTTCAGCGGGAGCATTATCGGCAGCTATTGCTGATATTATGGCTGCCCTGAAAGGACCGTTTAAATTTGGTCTTTGGGGGGTGGCTTTATATGGTGTATTGCCATCACAAATAGCGAAAGATGACCCCAATATGATGTCAAAGATTGTGACGTCATTACCCGCAGATGATATTACTGAATCACCTGTCAGTTCATTACCTCTCGATAAGGCAACAGTAAACGTAAATGTTCGTGTTGTTGATGATGTAAAAGACGAACGACAGAATATTTCGGTTGTTTCAGGTGTTCCGATGAGTGTTCCGGTGGTTGATGCAAAACCTACCGAACGTCCAGGTGTTTTTACGGCATCAATTCCAGGTGCACCTGTTCTGAATATTTCAGTTAATAACAGTACGCCAGCAGTACAGACATTAAGCCCAGGTGTTACAAATAATACTGATAAGGATGTTCGCCCGGCAGGATTTACTCAGGGGGGTAATACCAGGGATGCAGTTATTCGATTCCCGAAGGACAGCGGTCATAATGCCGTATATGTTTCAGTGAGTGATGTTCTTAGCCCTGACCAGGTAAAACAACGTCAGGATGAAGAAAATCGCCGTCAGCAGGAATGGGATGCTACGCATCCGGTTGAAGCGGCTGAGCGAAATTATGAACGCGCGCGTGCAGAGCTGAATCAGGCAAATGAAGATGTTGCCAGAAATCAGGAGCGACAGGCTAAAGCTGTTCAGGTTTATAATTCGCGTAAAAGCGAACTTGATGCAGCGAATAAAACTCTTGCTGATGCAATAGCTGAAATAAAACAATTTAATCGATTTGCCCATGACCCAATGGCTGGCGGTCACAGAATGTGGCAAATGGCCGGGCTTAAAGCCCAGCGGGCGCAGACGGATGTAAATAATAAGCAGGCTGCATTTGATGCTGCTGCAAAAGAGAAGTCAGATGCTGATGCTGCATTGAGTTCTGCTATGGAAAGCAGGAAGAAGAAAGAAGATAAGAAAAGGAGCGCTGAAAATAAATTAAACGAGGAAAAAAACAAGCCTCGCAAGGGAGTTAAAGATTACGGTCATGATTATCATCCAGATCCTAAAACTGAAGATATAAAAGGGCTGGGTGAGTTAAAAGAGGGTAAACCAAAAACTCCAAAGCAAGGTGGTGGCGGTAAACGTGCTAGATGGTATGGAGATAAAGGGCGTAAGATTTATGAGTGGGACTCTCAGCATGGTGAGCTTGAGGGGTATCGTGCCAGTGATGGTCAGCATCTTGGCTCATTCGAGCCTAAGACTGGTAATCAGTTGAAAGGACCTGATCCAAAACGAAATATCAAAAAGTATCTTTGA
E7;TolA, TolB, TolQ, TolR;WP_021530049.1;MSGGDGRGHNSGAHNTGGNINGGPTGLGGNGGASDGSGWSSENNPWGGGSGSGVHWGGGSGHGNGGGNSNSGGGSNSSVAAPMAFGFPALAAPGAGTLGISVSGEALSAAIADIFAALKGPFKFSAWGIALYGILPSEIAKDDPNMMSKIVTSLPAETVTNVQVSTLPLDQATVSVTKRVTDVVKDTRQHIAVVAGVPMSVPVVNAKPTRTPGVFHASFPGVPSLTVSTVKGLPVSTTLPRGITEDKGRTAVPAGFTFGGGSHEAVIRFPKESGQKPVYVSVTDVLTPAQVKQRQDEEKRLQQEWNDAHPVEVAERNYEQARAELNQANKDVARNQERQAKAVQVYNSRKSELDAANKTLADAKAEIKQFERFAREPMAAGHRMWQMAGLKAQRAQTDVNNKKAAFDAAAKEKSDADVALSSALERRKQKENKEKDAKAKLDKESKRNKPGKATGKGKPVNNKWLNNAGKDLGSPVPDRIANKLRDKEFKSFDDFRKKFWEEVSKDPELSKQFSRNNNDRMKVGKAPKTRTQDVSGKRTSFELHHEKPISQNGGVYDMDNISVVTPKRHIDIHRGK;NZ_JAALAK010000085.1;ATGAGCGGTGGAGATGGACGTGGCCACAACAGTGGCGCACATAACACAGGTGGTAACATTAATGGCGGCCCTACGGGGCTTGGTGGAAATGGTGGGGCTTCTGACGGCTCCGGATGGAGTTCGGAAAATAACCCATGGGGTGGCGGTTCCGGTAGTGGTGTTCACTGGGGAGGTGGCTCCGGCCATGGCAATGGCGGGGGGAATAGTAATTCCGGTGGTGGCAGCAATTCATCCGTAGCAGCACCTATGGCATTTGGTTTTCCTGCTTTGGCTGCTCCTGGTGCCGGAACTCTTGGTATTTCCGTATCTGGTGAGGCTTTATCTGCGGCAATAGCGGATATCTTTGCAGCCCTGAAAGGTCCGTTTAAATTCAGCGCATGGGGTATTGCGCTTTACGGCATTCTGCCATCTGAAATAGCAAAAGATGACCCGAATATGATGTCAAAGATTGTGACGTCATTACCGGCAGAAACAGTGACGAATGTTCAGGTCAGTACACTTCCGCTGGACCAGGCAACTGTCAGCGTGACGAAACGTGTGACAGATGTTGTGAAGGACACACGACAGCATATTGCCGTAGTTGCAGGTGTGCCTATGAGTGTGCCTGTTGTGAATGCCAAACCAACACGTACTCCAGGTGTATTTCACGCATCATTTCCTGGTGTCCCTTCTCTGACAGTCAGCACTGTCAAAGGCCTTCCGGTGTCAACAACCCTTCCCCGTGGTATTACGGAGGATAAAGGCCGGACTGCCGTTCCTGCGGGATTTACCTTTGGTGGTGGTTCACATGAAGCGGTGATTCGCTTTCCGAAAGAAAGTGGGCAGAAGCCGGTTTATGTATCAGTGACAGATGTTCTTACCCCAGCACAGGTAAAACAACGTCAGGATGAGGAAAAACGCCTCCAGCAGGAATGGAATGACGCACATCCGGTGGAAGTGGCTGAACGCAATTATGAACAGGCCCGCGCAGAACTGAATCAGGCTAATAAAGATGTTGCCAGAAACCAGGAACGACAGGCTAAAGCTGTTCAGGTTTATAATTCTCGTAAAAGTGAACTTGATGCAGCGAATAAAACTCTTGCTGATGCAAAGGCTGAAATAAAACAATTCGAGCGATTTGCCCGAGAACCAATGGCTGCTGGTCACAGAATGTGGCAAATGGCAGGGCTTAAGGCCCAGCGGGCACAGACGGATGTAAATAATAAGAAGGCTGCATTTGATGCTGCTGCAAAAGAAAAGTCAGATGCTGATGTTGCATTGAGTTCTGCGTTGGAGCGCCGCAAACAGAAAGAAAATAAAGAAAAGGACGCTAAAGCCAAATTAGATAAGGAGAGTAAACGGAATAAGCCAGGGAAGGCAACAGGTAAAGGAAAACCTGTCAATAATAAGTGGTTAAATAATGCAGGTAAAGACTTAGGTTCTCCTGTTCCAGATCGTATAGCTAATAAACTACGTGATAAGGAGTTTAAAAGTTTCGATGATTTTCGTAAGAAATTCTGGGAAGAAGTGTCAAAAGATCCTGAGTTAAGTAAACAATTTAGTAGGAACAATAATGATCGAATGAAGGTTGGAAAAGCGCCCAAGACTAGAACCCAGGATGTTTCAGGGAAGAGAACTTCATTCGAGCTTCATCATGAGAAGCCGATCAGCCAAAATGGTGGTGTCTATGATATGGATAACATCAGCGTGGTAACACCTAAAAGGCATATTGATATTCACCGAGGTAAATAA
E8;TolA, TolB, TolQ, TolR;WP_012766032.1;MSGGDGRGHNTGAHSTSGNINGGPTGIGVSGGASDGSGWSSENNPWGGGSGSGIHWGGGSGRGNGGGNGNSGGGSGTGGNLSAVAAPVAFGFPALSTPGAGGLAVSISASELSAAIAGIIAKLKKVNLKFTPFGVVLSSLIPSEIAKDDPNMMSKIVTSLPADDITESPVSSLPLDKATVNVNVRVVDDVKDERQNISVVSGVPMSVPVVDAKPTERPGVFTASIPGAPVLNISVNNSTPAVQTLSPGVTNNTDKDVRPAGFTQGGNTRDAVIRFPKDSGHNAVYVSVSDVLSPDQVKQRQDEENRRQQEWDATHPVEAAERNYERARAELNQANEDVARNQERQAKAVQVYNSRKSELDAANKTLADAIAEIKQFNRFAHDPMAGGHRMWQMAGLKAQRAQTDVNNKQAADADAALSAAQERRKQKENKEKDAKDKLDKESKRNKPGKATGKGKPVGDKWLDDAGKDSGAPIPDRIADKLRDKEFKNFDDFRRKFWEEVSKDPELSKQFNPGNKKRLSQGLAPRARNKDTVGGRRSFELHHDKPISQDGGVYDMDNLRITTPKRHIDIHRGQ;NC_012882.1;ATGAGCGGTGGAGATGGACGCGGCCATAACACGGGCGCGCATAGCACAAGTGGTAACATTAATGGTGGCCCGACCGGGATTGGTGTAAGTGGTGGTGCTTCTGATGGTTCAGGATGGAGTTCGGAAAATAACCCGTGGGGTGGTGGTTCCGGTAGCGGCATTCACTGGGGAGGTGGCTCCGGTCGTGGTAATGGCGGGGGTAATGGCAATTCCGGTGGTGGCTCGGGAACAGGCGGTAATTTGTCAGCAGTAGCTGCGCCAGTGGCATTTGGTTTTCCGGCTCTTTCCACTCCAGGAGCTGGCGGTCTGGCTGTCAGTATTTCTGCAAGCGAATTATCGGCAGCTATTGCTGGTATTATTGCTAAATTAAAAAAAGTAAATCTTAAATTCACTCCTTTTGGGGTTGTCTTATCTTCATTAATTCCGTCGGAAATAGCGAAAGATGACCCCAATATGATGTCAAAGATTGTGACGTCATTACCCGCAGATGATATTACTGAATCACCTGTCAGTTCATTACCTCTCGATAAGGCAACAGTAAACGTAAATGTTCGTGTTGTTGATGATGTAAAAGACGAACGACAGAATATTTCGGTTGTTTCAGGTGTTCCGATGAGTGTTCCGGTGGTTGATGCAAAACCTACCGAACGTCCAGGTGTTTTTACGGCATCAATTCCAGGTGCACCTGTTCTGAATATTTCAGTTAATAACAGTACGCCAGCAGTACAGACATTAAGCCCAGGTGTTACAAATAATACTGATAAGGATGTTCGCCCGGCAGGATTTACTCAGGGTGGTAATACCAGGGATGCAGTTATTCGATTCCCGAAGGACAGCGGTCATAATGCCGTATATGTTTCAGTGAGTGATGTTCTTAGTCCTGACCAGGTAAAACAACGTCAGGATGAAGAAAATCGCCGTCAGCAGGAATGGGATGCTACGCATCCGGTTGAAGCGGCTGAGCGAAATTATGAACGCGCGCGTGCAGAGCTGAATCAGGCAAATGAAGATGTTGCCAGAAATCAGGAGCGACAGGCTAAAGCTGTTCAGGTTTATAATTCGCGTAAAAGCGAACTTGATGCAGCGAATAAGACTCTTGCTGATGCAATAGCTGAAATAAAACAATTTAATCGATTTGCCCATGACCCAATGGCTGGCGGTCACAGAATGTGGCAAATGGCCGGGCTTAAAGCTCAGCGGGCGCAGACGGATGTAAATAATAAGCAGGCTGCAGATGCTGATGCTGCATTAAGTGCCGCGCAGGAGCGCCGCAAACAGAAGGAAAATAAAGAGAAGGACGCTAAGGATAAATTAGATAAGGAGAGTAAACGGAATAAGCCAGGGAAGGCGACAGGTAAAGGTAAACCAGTTGGTGATAAATGGCTGGATGATGCGGGTAAAGATTCAGGAGCGCCAATTCCAGATCGCATTGCTGATAAGTTGCGTGATAAAGAATTTAAAAACTTCGACGATTTTCGGAGAAAATTCTGGGAAGAAGTGTCGAAAGATCCTGAGTTAAGTAAGCAATTTAATCCAGGTAATAAAAAACGCTTGAGCCAAGGATTAGCTCCACGGGCTAGGAATAAAGATACTGTCGGTGGGCGTCGCTCATTTGAGCTTCATCACGACAAGCCAATCAGTCAGGATGGTGGTGTTTATGATATGGACAACCTCCGTATCACTACGCCGAAACGCCATATTGATATTCACAGAGGTCAGTAA
E9;TolA, TolB, TolQ, TolR;WP_012644886.1;MSGGDGRGHNTGAHSTSGNINGGPTGIGVSGGASDGSGWSSENNPWGGGSGSGIHWGGGSGRGNGGGNGNSGGGSGTGGNLSAVAAPVAFGFPALSTPGAGGLAVSISASELSAAIAGIIAKLKKVNLKFTPFGVVLSSLIPSEIAKDDPNMMSKIVTSLPADDITESPVSSLPLDKATVNVNVRVVDDVKDERQNISVVSGVPMSVPVVDAKPTERPGVFTASIPGAPVLNISVNDSTPAVQTLSPGVTNNTDKDVRPAGFTQGGNTRDAVIRFPKDSGHNAVYVSVSDVLSPDQVKQRQDEENRRQQEWDATHPVEAAERNYERARAELNQANEDVARNQERQAKAVQVYNSRKSELDAANKTLADAIAEIKQFNRFAHDPMAGGHRMWQMAGLKAQRAQTDVNNKQAAFDAAAKEKSDADAALSAAQERRKQKENKEKDAKDKLDKESKRNKPGKATGKGKPVGDKWLDDAGKDSGAPIPDRIADKLRDKEFKSFDDFRKAVWEEVSKDPELSKNLNPSNKSSVSKGYSPFTPKNQQVGGRKVYELHHDKPISQGGEVYDMDNIRVTTPKRHIDIHRGK;ACM07430.1;ATGAGCGGTGGGGATGGACGCGGCCATAACACGGGCGCGCATAGCACAAGTGGTAACATTAATGGTGGCCCGACCGGGATTGGTGTAAGTGGTGGTGCTTCTGATGGTTCAGGATGGAGTTCGGAAAATAACCCGTGGGGTGGTGGTTCCGGTAGCGGCATTCACTGGGGAGGTGGCTCCGGTCGTGGTAATGGCGGGGGTAATGGCAATTCCGGTGGTGGCTCGGGAACAGGCGGTAATTTGTCAGCAGTAGCTGCGCCAGTGGCATTTGGTTTTCCGGCTCTTTCCACTCCAGGAGCTGGCGGTCTGGCTGTCAGTATTTCTGCAAGCGAATTATCGGCAGCTATTGCTGGTATTATTGCTAAATTAAAAAAAGTAAATCTTAAATTCACTCCTTTTGGGGTTGTCTTATCTTCATTAATTCCGTCGGAAATAGCGAAAGATGACCCCAATATGATGTCAAAGATTGTGACGTCATTACCCGCAGATGATATTACTGAATCACCTGTCAGTTCATTACCTCTCGATAAGGCAACAGTAAACGTAAATGTTCGTGTTGTTGATGATGTAAAAGACGAACGACAGAATATTTCGGTTGTTTCAGGTGTTCCGATGAGTGTTCCGGTGGTTGATGCAAAACCTACCGAACGTCCAGGTGTTTTTACGGCATCAATTCCAGGTGCACCTGTTCTGAATATTTCAGTTAATGACAGTACGCCAGCAGTACAGACATTAAGCCCAGGTGTTACAAATAATACTGATAAGGATGTTCGCCCGGCAGGATTTACTCAGGGTGGTAATACCAGGGATGCAGTTATTCGATTCCCGAAGGACAGCGGTCATAATGCCGTATATGTTTCAGTGAGTGATGTTCTTAGTCCTGACCAGGTAAAACAACGTCAGGATGAAGAAAATCGCCGTCAGCAGGAATGGGATGCTACGCATCCGGTTGAAGCGGCTGAGCGAAATTATGAACGCGCGCGTGCAGAGCTCAATCAGGCAAATGAAGATGTTGCCAGAAATCAGGAGCGACAGGCTAAAGCTGTTCAGGTTTATAATTCGCGTAAAAGCGAACTTGATGCAGCGAATAAAACTCTTGCTGATGCAATAGCTGAAATAAAACAATTTAATCGATTTGCCCATGACCCAATGGCTGGCGGTCACAGAATGTGGCAAATGGCCGGGCTTAAAGCTCAGCGGGCGCAGACGGATGTAAATAATAAGCAGGCTGCATTTGATGCTGCTGCAAAAGAGAAGTCAGATGCTGATGCTGCATTAAGTGCCGCGCAGGAGCGCCGCAAACAGAAGGAAAATAAAGAAAAGGACGCTAAGGATAAATTAGATAAGGAGAGTAAACGGAATAAGCCAGGGAAGGCGACAGGTAAAGGTAAACCAGTTGGTGATAAATGGCTGGATGATGCAGGTAAAGATTCAGGAGCGCCAATTCCAGATCGCATTGCTGATAAGTTGCGTGATAAAGAATTTAAAAGCTTCGACGATTTTCGGAAGGCTGTATGGGAAGAGGTGTCGAAAGATCCTGAGCTTAGTAAAAATTTAAACCCAAGCAATAAGTCTAGTGTTTCAAAAGGTTATTCTCCGTTTACTCCAAAGAATCAACAGGTCGGAGGGAGAAAAGTCTATGAACTTCATCATGACAAGCCAATTAGTCAAGGTGGTGAGGTTTATGACATGGATAATATCCGAGTGACTACACCTAAGCGACATATCGATATTCACCGAGGTAAGTAA
cna;TolA, TolB, TolQ, TolR;WP_032488335.1;MGSNGADNAHNNAFGGGKNPGIGNTSGAGSNGSASSNRGNSNGWSWSNKPHKNDGFHSDGSYHITFHGDNNSKPKPGGNSGNRGNNGDGASAKVGEITITPDNSKPGRYISSNPEYSLLAKLIDAESIKGTEVYTFHTRKGQYVKVTVPDSNIDKMRVDYVNWKGPKYNNKLVKRFVSQFLLFRKEEKEKNEKEALLKASELVSGMGDKLGEYLGVKYKNVAKEVANDIKNFHGRNIRSYNEAMASLNKVLANPKMKVNKSDKDAIVNAWKQVNAKDMANKIGNLGKAFKVADLAIKVEKIREKSIEGYNTGNWGPLLLEVESWIIGGVVAGVAISLFGAVLSFLPISGLAVTALGVIGIMTISYLSSFIDANRVSNINNIISSVIR;NZ_JABBOL010000187.1;ATGGGTAGTAATGGCGCAGATAATGCACATAACAATGCTTTTGGTGGAGGGAAAAATCCGGGCATTGGTAATACCAGTGGCGCAGGAAGTAATGGTAGTGCATCAAGTAACCGAGGAAATTCCAATGGATGGTCATGGAGTAATAAGCCTCATAAAAATGATGGCTTCCACAGTGATGGTTCTTACCATATTACATTTCATGGGGACAATAATTCAAAGCCTAAACCTGGAGGGAATAGTGGAAATCGAGGTAATAACGGTGATGGAGCGAGTGCTAAGGTTGGAGAGATAACAATCACACCTGACAACTCGAAACCAGGTCGTTATATTTCGTCAAATCCTGAATATTCATTGTTGGCAAAATTAATTGATGCGGAATCAATTAAAGGTACAGAGGTATATACTTTTCACACCAGAAAAGGTCAGTATGTTAAGGTTACTGTTCCAGATAGTAATATTGATAAAATGAGAGTTGATTATGTGAACTGGAAGGGACCGAAATATAACAATAAACTTGTGAAGAGGTTTGTGAGCCAGTTTTTATTATTTAGGAAGGAAGAAAAAGAAAAAAATGAAAAAGAAGCCTTGCTAAAGGCTAGTGAACTTGTGTCTGGTATGGGGGATAAGCTTGGCGAGTATCTTGGAGTAAAATATAAAAATGTAGCTAAGGAAGTTGCCAATGATATTAAAAACTTCCATGGTCGTAATATTCGTAGCTATAATGAAGCAATGGCTTCACTTAATAAAGTGTTAGCAAATCCAAAGATGAAAGTAAACAAATCTGATAAGGATGCCATTGTGAATGCCTGGAAACAGGTTAATGCTAAGGACATGGCTAATAAGATTGGTAATCTTGGCAAGGCATTTAAGGTTGCTGATTTAGCTATAAAGGTTGAGAAAATTAGGGAAAAAAGCATTGAGGGATACAATACTGGCAACTGGGGACCTCTCCTGTTGGAGGTTGAATCATGGATCATTGGTGGCGTTGTTGCTGGAGTTGCTATTAGTTTATTCGGGGCTGTGTTGAGTTTTCTCCCAATCTCTGGACTTGCAGTTACTGCGTTGGGGGTAATAGGAATAATGACGATTAGTTACTTGTCATCTTTCATAGATGCAAATCGAGTTTCGAATATAAATAACATTATATCTAGTGTTATTCGATGA
cka;TolA, TolB, TolQ, TolR;WP_159420795.1;MAKELSGYGPTAGESMGGTGANLNQQGGNNNSNSGVHWGGGSGHGNNGGQGNSNSSGSTSTVMKTGESYLTPWGDVVINNDGLPVMNGIVMTEENSTLVDNPFGGVSRVLNSLISDMPSLFAESSGNNNNNTASVNTAPTNAQVSDMDKSSKVVSNVINEKQKQKNKIATQISEKQKKIEEMKKVFKHHSYHGITDLERDVDELQKKSNQLDADISKLNSYKNTLQSKIGDVNKQKEAEEKARENAEVAEHETLNEEKQAVAEAEKRLAEAKAELAKAESDVQSKQATVSRVAGELENAQKSVDVKVTGFPGWRDVQKKLQRQLEAKQAEYSAVENELKNAVSFRDGKAAEVKEAEQKLKEAQDALEKSQIKDAVDTMVGFYQYITEQYGEKYAKIAQDLAEKSKGKKIQGVDEALAAFEKYKNVLDKKFSKVDRDAIFNALESVNYDELSKNLTKISKSLKITSRVSFLYDVGSDFKNAIETGNWRPLFVTLEKSAVDVGVAKIVALMFSFIVGVPLGFWGIAIVTGIVSSYIGDDELSKLNELLGI;AAQWII010000105.1;ATGGCTAAAGAACTAAGTGGATATGGACCAACTGCTGGTGAGTCTATGGGGGGAACAGGGGCGAATCTGAATCAGCAAGGTGGAAATAATAATAGTAATAGTGGGGTTCACTGGGGTGGTGGCTCTGGGCATGGTAATAATGGTGGTCAGGGAAATTCAAATTCATCTGGTTCTACATCAACTGTGATGAAAACCGGTGAGTCATATCTGACTCCGTGGGGTGATGTTGTCATTAATAATGATGGCCTTCCGGTGATGAATGGTATTGTTATGACAGAAGAGAATTCAACTCTGGTTGATAATCCATTTGGAGGGGTCTCCAGAGTTCTTAATTCTTTAATTAGTGATATGCCATCACTTTTTGCAGAAAGCTCAGGAAATAACAACAATAACACTGCTTCAGTTAATACTGCACCAACGAATGCTCAGGTCAGTGATATGGATAAGAGTTCGAAGGTGGTGAGTAATGTAATTAATGAAAAACAAAAGCAGAAGAATAAAATTGCTACACAGATTAGTGAAAAACAGAAGAAAATCGAGGAGATGAAAAAAGTATTCAAGCATCATTCTTATCATGGTATCACTGATCTTGAGAGGGATGTTGATGAGTTGCAAAAAAAATCAAATCAGCTTGATGCAGATATTAGCAAACTTAATTCTTATAAAAATACATTGCAAAGTAAAATTGGTGATGTGAATAAACAGAAGGAAGCTGAAGAAAAGGCTCGTGAAAATGCAGAGGTCGCTGAACATGAAACTCTTAATGAAGAGAAACAGGCGGTGGCGGAAGCAGAGAAGCGTTTAGCTGAGGCGAAAGCTGAACTGGCGAAGGCTGAAAGTGATGTACAGAGTAAGCAAGCTACTGTTTCCAGAGTTGCAGGAGAGCTTGAAAACGCTCAGAAGAGTGTTGACGTGAAGGTCACCGGATTTCCGGGATGGCGTGACGTTCAGAAAAAACTACAGCGTCAGCTTGAAGCTAAGCAGGCTGAGTACTCCGCAGTTGAAAATGAACTTAAGAATGCTGTTAGTTTCAGGGATGGTAAGGCCGCTGAGGTTAAAGAGGCAGAGCAGAAATTAAAAGAAGCTCAGGATGCTCTTGAAAAGAGCCAGATAAAAGATGCTGTTGATACTATGGTTGGATTTTATCAATATATAACCGAACAATATGGAGAAAAATACGCAAAAATTGCTCAGGATTTAGCGGAAAAGTCTAAAGGAAAGAAAATTCAAGGTGTTGATGAAGCTCTGGCAGCATTTGAAAAGTATAAGAATGTACTGGATAAGAAATTCAGTAAGGTTGATCGGGATGCTATTTTTAATGCGTTAGAGTCTGTTAATTATGATGAGTTATCTAAGAATTTAACGAAGATATCAAAGTCGCTTAAAATCACCAGTCGAGTATCTTTTCTATATGATGTTGGTTCTGATTTTAAAAATGCAATAGAAACTGGTAACTGGCGACCTTTGTTTGTCACGCTGGAGAAAAGTGCGGTCGATGTAGGTGTGGCAAAAATTGTGGCATTAATGTTTAGTTTTATTGTTGGTGTGCCTCTTGGTTTCTGGGGGATTGCAATTGTCACAGGTATTGTTTCTTCTTACATAGGGGATGATGAGTTGAGCAAACTTAATGAGTTGTTAGGGATTTAA
U;TolA, TolB, TolQ, TolR;EFG8320749.1;MPGFNYGGHGDGTGWSSERGDGPAPGGGMQGNGGGHSGNNDSGSNSVSQQISAIQNDQKLKQKVVNMLIAARKMNPDAKMILGSIAPSGVMQVTIEGVTSTQARQLGLGGLVMGYNASGVIGAVGEIDTGHRLNASGASTPGSETSVDSFVNGQKPAEEWHAVAKDSWTGAGPVNTGLVNNAIKSVRIIKKGYVTGVLTPEEVMNKAEYKAMRQAFDSLPLAKQGEAVRQIVAAWSLAYQDFPVNLKKEMGRVTERIVDAINLALILNQTESRLSESQKNVDVANQIISDTVKAINDVNKKIAEKRNQQVSLTDLMNKKQKEVEDLKKIFKNHSYHRIRDAQREYDDARNKYALLASDINALQAQVSGLTARKQQAEQNKAAAEKAKADAAAKAAAEKAAAEAKAKAEAEKARKEAEEKANDEKAVLTKASEIIISVGDKAGEYLGDKYKVLSREIADNIKNFQGKTIRSYDEAMASVNKLMANPDLKINAADRDAIVNAWKAFDAEDMGNKFAALGKTFKAADYVMKANNVREKSIEGYQTGNWGPLMLEIESWVLSGIASAVALSFFSAIFGTFAMLGVFSTSLAGILAVILAGLVGALIDDNFVDKLNNEIIRPAY;AASUBD010000148.1;ATGCCTGGATTTAATTATGGTGGACATGGTGACGGTACTGGCTGGAGTTCTGAACGTGGTGATGGTCCGGCTCCGGGCGGTGGTATGCAGGGAAACGGTGGCGGTCATAGCGGAAATAATGACAGTGGTAGCAATTCTGTGAGTCAGCAGATTTCTGCCATTCAGAATGATCAGAAACTTAAACAGAAAGTGGTGAATATGCTGATTGCTGCGAGAAAAATGAATCCTGATGCGAAAATGATTCTGGGAAGTATTGCTCCTTCTGGTGTTATGCAGGTCACCATTGAGGGGGTAACCTCCACGCAGGCCAGGCAGCTTGGTCTGGGAGGGCTGGTCATGGGATATAACGCTTCAGGTGTTATTGGGGCTGTGGGCGAAATAGACACCGGTCACCGCCTTAATGCATCAGGAGCAAGTACTCCCGGAAGCGAAACCTCTGTGGACAGTTTTGTGAACGGACAGAAACCCGCCGAAGAATGGCATGCTGTGGCGAAGGACAGCTGGACCGGGGCTGGTCCGGTGAATACAGGGCTGGTTAATAACGCCATCAAAAGTGTCCGGATTATCAAAAAAGGCTATGTGACGGGCGTTCTCACGCCAGAAGAGGTGATGAATAAAGCAGAGTACAAAGCAATGCGACAGGCTTTTGATTCCCTTCCACTGGCAAAACAGGGAGAGGCTGTCAGACAGATTGTCGCAGCCTGGAGTCTGGCATATCAGGATTTTCCGGTAAATCTGAAAAAAGAGATGGGGCGTGTCACTGAACGGATTGTTGATGCTATTAACCTGGCGCTCATTCTTAATCAGACAGAGTCCCGTTTGTCGGAATCACAAAAGAATGTTGATGTAGCGAACCAGATTATCAGTGATACAGTAAAAGCTATTAATGATGTAAATAAGAAAATAGCAGAAAAACGAAATCAGCAGGTATCACTGACTGATTTGATGAATAAAAAACAAAAAGAGGTCGAAGATCTTAAAAAGATATTCAAAAATCACTCTTATCACCGTATTCGTGATGCCCAGAGGGAATATGATGATGCCCGAAATAAATATGCTTTACTGGCCAGTGATATTAATGCGCTGCAGGCACAGGTTTCCGGACTGACGGCAAGGAAACAGCAGGCAGAACAGAACAAGGCAGCAGCAGAAAAAGCAAAGGCAGATGCAGCGGCGAAAGCTGCAGCAGAAAAAGCGGCTGCTGAAGCGAAAGCAAAGGCTGAAGCTGAAAAAGCCAGAAAGGAAGCAGAGGAAAAAGCAAATGATGAGAAGGCTGTTCTGACAAAAGCCAGTGAAATTATCATCAGTGTTGGTGATAAGGCTGGGGAGTATCTGGGTGATAAATATAAAGTTCTTTCTCGTGAGATAGCAGATAATATCAAAAACTTTCAGGGCAAAACGATTCGTAGTTACGATGAGGCGATGGCTTCTGTCAATAAACTGATGGCTAATCCTGATCTTAAAATTAATGCCGCCGACAGGGATGCAATTGTGAATGCCTGGAAAGCATTTGATGCAGAGGATATGGGGAATAAGTTTGCCGCGCTGGGTAAGACGTTTAAAGCCGCAGATTATGTGATGAAGGCAAACAACGTCCGGGAGAAGAGTATCGAGGGGTATCAGACCGGAAACTGGGGGCCGCTGATGCTGGAGATTGAGTCCTGGGTATTGAGTGGTATTGCTTCTGCTGTGGCGCTATCATTTTTCTCAGCTATCTTTGGTACTTTTGCTATGCTGGGTGTTTTTTCGACTAGTTTAGCTGGGATCTTGGCTGTTATTTTGGCTGGTTTAGTTGGGGCGTTGATTGATGATAATTTTGTTGATAAGTTAAATAATGAAATTATTCGTCCTGCGTATTAA
bss;TolA, TolB, TolQ, TolR;CAA44310.1;MPGFNYGGKGDGTNWSSERGTGPEPGGGDKGHSGDRDRGGAGVGNSPEQQQIAAIQNDPALRMKLEAVIKAARRINPDAKLHIESVSPSGTLSLSATGLTADQAKHIGLGGLVMGVNAKGVTVAIGDIETGHARKPSPPGKGGNNGLNAGQIGASSLGSFVTDSHRDRPVSGWHGNGKTGEFSTTRTTGSYYGFHHLKVEKQDGLATYSLYYKANKNRPAFIAVVRGDNLNAMEVKYANGKPVKSPGSVKTIVKEFVEYQNAELKAIKDGVSLAAGINKDIAEKIGAKYAKLAKDLEAGIQGKYIRNVQDAEKTYEQLTKGLNKKLKAQDKAAIVAWLKMIDAEQYARNARVLGKVFTGVDWAIKGADLVNAAIEGFSTGNWKAFRNQLEALGLSIGAGYTLSAIAAFFAPTLVSSTVGIFAFAYLFGWATSYIDAERAGELEKWVADL;X62454.1;ATGCCTGGATTTAATTATGGTGGTAAAGGAGATGGGACTAACTGGAGTTCTGAACGCGGTACGGGCCCTGAGCCGGGGGGCGGCGATAAAGGCCATTCCGGCGATCGCGATCGCGGCGGCGCCGGCGTTGGCAACAGCCCGGAACAGCAACAGATAGCGGCGATCCAAAACGATCCGGCGCTGCGCATGAAGCTGGAGGCGGTGATTAAGGCGGCGCGCAGAATTAACCCGGATGCGAAATTGCATATTGAAAGCGTCAGCCCATCCGGCACGCTGAGCCTTTCCGCCACCGGTTTGACGGCCGATCAGGCGAAGCACATTGGCCTGGGGGGGCTGGTGATGGGGGTCAACGCCAAGGGGGTGACAGTGGCGATCGGGGATATCGAAACCGGCCATGCGCGCAAGCCCTCACCCCCTGGCAAAGGCGGCAACAATGGCCTGAATGCCGGGCAGATCGGCGCCTCTTCGTTAGGCAGTTTCGTGACAGACTCGCATCGCGATCGGCCCGTCAGCGGCTGGCATGGCAACGGCAAAACCGGCGAATTCTCGACGACCCGCACGACCGGGAGTTACTACGGCTTTCATCATTTGAAGGTGGAAAAGCAAGACGGACTGGCGACCTACAGCCTCTACTATAAGGCCAATAAGAACCGGCCCGCGTTTATCGCCGTGGTGAGAGGGGATAACCTGAATGCCATGGAGGTGAAATATGCCAACGGCAAGCCGGTAAAATCACCCGGCTCGGTAAAAACGATCGTTAAGGAATTCGTCGAATATCAAAATGCGGAATTAAAAGCCATCAAGGATGGCGTCAGCCTGGCCGCAGGTATCAATAAAGATATCGCGGAAAAGATCGGCGCGAAATACGCCAAACTCGCCAAGGATTTGGAGGCGGGAATTCAAGGAAAATATATCCGCAACGTGCAAGATGCGGAGAAAACCTACGAGCAATTGACGAAGGGCCTGAACAAAAAGCTCAAGGCGCAGGACAAAGCGGCGATTGTCGCCTGGCTGAAAATGATCGATGCGGAACAGTATGCCCGCAATGCGCGGGTATTGGGCAAGGTCTTCACCGGGGTGGACTGGGCGATCAAGGGCGCGGATCTGGTAAACGCCGCGATTGAAGGTTTCTCTACCGGCAACTGGAAAGCGTTCCGCAACCAGCTCGAAGCGCTCGGGTTGTCGATCGGCGCAGGGTATACGCTTTCCGCTATCGCCGCGTTTTTCGCGCCGACGCTAGTGTCGTCGACGGTGGGCATTTTCGCCTTCGCTTACCTGTTTGGCTGGGCCACCAGCTATATCGATGCGGAACGTGCGGGGGAGCTGGAGAAGTGGGTCGCTGACCTGTAA
C5;TolA, TolB, TolQ, TolR;WP_000362089.1;MDKVTDNSPDVESTESTEGSFPTVGVDTGDTITATLATGTENVGGGGGAFGGASESSAAIHATAKWSTAQLKKHQAEQAARAAAAEAALAKAKSQRDALTQRLKDIVNDALRANAARSPSVTDLAHANNMAMQAEAERLRLAKAEQKAREEAEAAEKALREAERQRDEIARQQAETAHLLAMAEAAEAEKNRQDSLDEEHRAVEVAEKKLAEAKAELAKAESDVQSKQAIVSRVAGELENAQKSVDVKVTGFPGWRDVQKKLERQLQDKKNEYSSVTNALNSAVSIRDAKKTDVQNAEIKLKEAKDALEKSQVKDSVDTMVGFYQYITEQYGEKYSRIAQDLAEKAKGSKFSSVDEALAAFEKYKNVLDKKISKVDRDAIFNALESVNYDELSKNLTKISKSLKITSRVSFLYDVGSDFKNAIETGNWRPLFVTLEKSAVDVGVAKIVALMFSFIVGVPLGFWGIAIVTGIVSSYIGDDELNKLNELLGI;EEY4449780.1;ATGGATAAAGTCACTGATAATTCTCCAGATGTGGAGAGCACAGAATCTACTGAGGGGTCATTCCCAACTGTTGGGGTTGATACTGGCGATACGATTACAGCGACGCTTGCAACTGGAACTGAAAATGTTGGTGGAGGCGGTGGAGCATTTGGTGGGGCCAGTGAAAGTTCTGCTGCGATACATGCAACCGCTAAATGGTCTACCGCGCAGTTGAAAAAACATCAGGCTGAACAGGCTGCCCGTGCTGCTGCGGCTGAGGCAGCATTGGCAAAAGCGAAATCTCAGCGTGATGCCCTGACTCAACGTCTCAAGGATATTGTTAATGACGCTTTACGTGCTAATGCCGCCCGTAGTCCATCAGTAACTGACCTTGCTCATGCCAATAATATGGCAATGCAGGCAGAGGCTGAGCGTTTGCGCCTTGCGAAGGCAGAGCAAAAAGCCCGTGAAGAAGCTGAAGCAGCAGAAAAAGCGCTCCGGGAAGCAGAACGCCAACGTGATGAGATTGCCCGCCAACAGGCTGAAACCGCGCATTTGTTAGCAATGGCGGAGGCAGCAGAGGCTGAGAAAAATCGACAGGATTCTCTTGATGAAGAGCATCGGGCTGTGGAAGTGGCAGAGAAGAAGCTGGCTGAGGCTAAAGCTGAACTGGCGAAGGCCGAAAGCGATGTACAGAGTAAGCAAGCGATTGTTTCCAGAGTTGCAGGGGAGCTTGAAAACGCTCAAAAAAGTGTTGATGTGAAGGTTACTGGATTTCCTGGATGGCGTGATGTTCAGAAAAAACTGGAGAGACAATTGCAGGATAAGAAGAATGAATATTCGTCAGTGACGAATGCTCTTAATTCTGCGGTTAGCATTAGAGATGCTAAAAAAACAGATGTTCAGAATGCTGAGATAAAATTAAAAGAAGCTAAGGATGCTCTTGAGAAGAGTCAGGTAAAAGACTCTGTTGATACTATGGTTGGGTTTTATCAATATATAACCGAACAATATGGGGAAAAATATTCCAGAATAGCTCAGGATTTAGCTGAAAAGGCGAAGGGTAGTAAATTTAGTAGTGTTGATGAAGCTCTTGCTGCATTTGAAAAGTATAAAAATGTACTGGATAAGAAAATCAGTAAGGTTGATCGGGATGCTATTTTTAATGCGTTAGAGTCTGTTAATTATGATGAGTTATCTAAGAATTTAACGAAGATATCAAAGTCGCTTAAAATCACTAGTCGAGTATCTTTTCTATATGATGTTGGTTCTGATTTTAAAAATGCAATAGAAACTGGTAACTGGCGACCTTTGTTTGTCACGCTGGAGAAAAGTGCGGTCGATGTAGGTGTGGCAAAAATTGTGGCATTAATGTTTAGTTTTATTGTTGGTGTGCCTCTTGGTTTCTGGGGGATTGCAATTGTCACAGGTATTGTTTCTTCTTACATAGGGGATGATGAGTTGAACAAACTTAATGAGTTGTTAGGGATTTAA
cta;TolC;Q47125.1;MDKVTDNSPDVESTESTEGSFPTVGVDTGDTITATLATGTENVGGGGGAFGGASESSAAIHATAKWSTAQLKKHQAEQAARAAAAEAALAKAKSQRDALTQRLKDIVNDALRANAARSPSVTDLAHANNMAMQAEAERLRLAKAEQKAREEAEAAEKALREAERQRDEIARQQAETAHLLAMAEAAEAEKNRQDSLDEEHRAVEVAEKKLAEAKAELAKAESDVQSKQAIVSRVAGELENAQKSVDVKVTGFPGWRDVQKKLERQLQDKKNEYSSVTNALNSAVSIRDAKKTEVQNAEIKLKEAKDALEKSQVKDSVDTMVGFYQYITEQYGEKYSRIAQDLAEKAKGSKFNSVDEALAAFEKYKNVLDKKFSKVDRDDIFNALESITYDEWAKHLEKISRALKVTGYLSFGYDVWDGTLKGLKTGDWKPLFVTLEKSAVDFGVAKIVALMFSFIVGAPLGFWGIAIITGIVSSYIGDDELNKLNELLGI;X82682.1;ATGGATAAAGTCACTGATAATTCTCCAGATGTGGAGAGCACAGAATCTACTGAGGGGTCATTCCCAACTGTTGGGGTTGATACTGGCGATACGATTACAGCGACGCTTGCAACTGGAACTGAAAATGTTGGTGGAGGCGGTGGAGCATTTGGTGGGGCCAGTGAAAGTTCTGCTGCGATACATGCAACCGCTAAATGGTCTACCGCGCAGTTGAAAAAACATCAGGCTGAACAGGCTGCCCGTGCTGCTGCGGCTGAGGCAGCATTGGCAAAAGCGAAATCTCAGCGTGATGCCCTGACTCAACGTCTCAAGGATATTGTTAATGACGCTTTACGTGCTAATGCCGCTCGTAGTCCATCAGTAACTGACCTTGCTCATGCCAATAATATGGCAATGCAGGCAGAGGCTGAGCGTTTGCGCCTTGCGAAGGCAGAGCAAAAAGCCCGTGAAGAAGCTGAAGCAGCAGAAAAAGCGCTCCGGGAAGCAGAACGCCAACGTGATGAGATTGCCCGCCAACAGGCTGAAACCGCGCATTTGTTAGCAATGGCGGAGGCAGCAGAGGCTGAGAAAAATCGACAGGATTCTCTTGATGAAGAGCATCGGGCTGTGGAAGTGGCAGAGAAGAAGCTGGCTGAGGCTAAAGCTGAACTGGCGAAGGCCGAAAGCGATGTACAGAGTAAGCAAGCGATTGTTTCCAGAGTTGCAGGGGAGCTTGAAAACGCTCAAAAAAGTGTTGATGTGAAGGTTACCGGATTTCCTGGATGGCGTGATGTTCAGAAAAAACTGGAGAGACAATTGCAGGATAAGAAGAATGAATATTCGTCAGTGACGAATGCTCTTAATTCTGCTGTTAGCATTAGAGATGCTAAAAAAACAGAAGTTCAGAATGCTGAGATAAAATTAAAAGAAGCTAAGGATGCTCTTGAGAAGAGTCAGGTAAAAGACTCTGTTGATACTATGGTTGGGTTTTATCAATATATAACCGAACAATATGGGGAAAAATATTCCAGAATAGCTCAGGATTTAGCTGAAAAGGCGAAGGGTAGTAAATTTAATAGTGTTGATGAAGCACTTGCTGCATTTGAAAAGTATAAAAATGTACTGGATAAGAAATTCAGTAAGGTTGATAGGGATGATATTTTTAATGCTTTAGAGTCTATTACTTATGATGAGTGGGCCAAGCATCTAGAAAAGATCTCTAGGGCTCTTAAGGTTACTGGATATTTGTCTTTCGGGTATGATGTATGGGATGGTACCCTAAAGGGATTAAAAACAGGAGACTGGAAGCCTTTATTTGTCACTCTGGAGAAGAGCGCGGTAGATTTCGGCGTGGCAAAAATTGTGGCATTAATGTTTAGTTTTATTGTTGGTGCGCCTCTTGGCTTCTGGGGAATTGCAATTATCACAGGTATTGTTTCTTCTTACATAGGGGATGATGAGTTGAACAAGCTTAATGAATTACTAGGTATTTAA
